type,text,prompt,model_used,generation_date,creativity_score,fluency
one_liner,My wife says I never listen; at least I think that's what she said.,Write a one-liner joke.,llama4,05/11/2025,0.667889,1
one_liner,I'm reading a book on anti-gravity; it's impossible to put down.,Tell a short and witty joke.,llama4,05/11/2025,0.43855178,1
one_liner,I told my wife she was drawing her eyebrows too high. She looked surprised.,Give me a joke in just one sentence.,llama4,05/11/2025,0.32451952,2
one_liner,I told my wife jokes about Constructing and she said I had too many angles.,"Share a brief, funny observation.",llama4,05/11/2025,0.3500818,1
one_liner,"I used to be addicted to soap, but I'm clean now.",Write a compact joke with a punchline.,llama4,05/11/2025,0.72541106,1
one_liner,I'm reading a book on time travel; I'm about to skip ahead and see how it ends.,"Tell a quick, clever joke.",llama4,05/11/2025,0.8664056,1
one_liner,Just wrote a book on reverse psychology; don't read it!,Make a concise joke that’s funny.,llama4,05/11/2025,0.57458866,1
one_liner,A clear conscience is usually the sign of a bad memory.,Write a joke that fits in one line.,llama4,05/11/2025,0.30096972,1
one_liner,I'm great at sleeping; I can do it with my eyes closed.,Give a pithy and humorous remark.,llama4,05/11/2025,0.880041,1
one_liner,I told my wife she's drawing her eyebrows too high. She looked surprised.,Share a one-liner that ends with a twist.,llama4,05/11/2025,0.31072176,2
one_liner,"I tried to catch some fog, but I mist.",Tell a short joke that plays on words.,llama4,05/11/2025,0.7983061,1
one_liner,Always carry a flag to the gym; that way you're always working out.,Write a short joke that could go on a T-shirt.,llama4,05/11/2025,0.6698729,1
one_liner,Dry humor? I've got a whole desert of jokes.,Share a dry humor one-liner.,llama4,05/11/2025,0.5123297,1
one_liner,I'm an excellent housekeeper—every summer I give the house back to the bank.,Write a smart but funny single-sentence joke.,llama4,05/11/2025,0.5175072,1
one_liner,"My wife says I never listen. At least, I think that's what she said.",Tell a one-liner that feels like stand-up comedy.,llama4,05/11/2025,0.6721555,2
one_liner,I told my wife she was drawing her eyebrows too high. She looked surprised.,Make a one-line joke with irony or sarcasm.,llama4,05/11/2025,0.32451952,2
one_liner,I've been reading a book on Helium. I can't put it down.,Write a pun-based one-liner.,llama4,05/11/2025,0.64197195,2
one_liner,"Want to hear a construction joke? Nah, you won't get it, it's still under construction.","Share a clean, universally funny one-liner.",llama4,05/11/2025,0.58473957,1
one_liner,"My wife says I never listen. She was probably right, but I wasn't paying attention.",Write a joke that works without context.,llama4,05/11/2025,0.45610368,2
one_liner,A pun is its own re-word.,Tell a quick joke that’s easy to remember.,llama4,05/11/2025,0.41231787,1
one_liner,I'm reading a book on anti-gravity. It's impossible to put down.,Drop a witty line that could make someone snort-laugh.,llama4,05/11/2025,0.4296118,2
one_liner,I started a band called ‘Lost Dogs’ because it's always a hit in the neighborhood.,Give me a sentence that doubles as a joke.,llama4,05/11/2025,0.80555475,1
one_liner,My wife says I never listen; in one ear and straight out the other.,Share a single line that’s low-effort but high-reward funny.,llama4,05/11/2025,0.3210076,1
one_liner,"In a fight between you and me, I'd choose you. Fair's fair, I'm not fighting myself.",Tell a minimalist joke that hits hard.,llama4,05/11/2025,0.5357841,2
one_liner,I told my wife she was drawing her eyebrows too high. She looked surprised.,Write a joke that doesn’t need a setup.,llama4,05/11/2025,0.32451952,2
one_liner,My diet starts next week... it's the only way I can fit into my future.,Share a line that would kill at open mic night.,llama4,05/11/2025,0.8662671,2
one_liner,I'm great at sleeping; I can do it with my eyes closed.,Tell me a joke so short it could be a tweet.,llama4,05/11/2025,0.880041,1
one_liner,I told my wife she was drawing her eyebrows too high. She looked surprised.,Craft a zinger in just one sentence.,llama4,05/11/2025,0.32451952,2
one_liner,Ever notice how fast ‘friend’ turns into ‘ex-friend’?,"Write a line so funny, I’ll want to steal it.",llama4,05/11/2025,0.38328016,1
one_liner,I'm a closet claustrophobic. I can't come out.,Tell a punchy one-liner that’s safe for work.,llama4,05/11/2025,0.69500124,2
one_liner,I'm reading a book on Helium. I can't put it down.,Drop a short joke with a clever twist.,llama4,05/11/2025,0.6154417,2
one_liner,"My life doesn't need a soundtrack, but a mute button would be great.",Give me a one-liner suitable for a coffee mug.,llama4,05/11/2025,0.634045,1
one_liner,"I'd tell you a joke about time travel, but you didn't like it.",Write a single sentence that could make my day.,llama4,05/11/2025,0.2377106,1
one_liner,"I used to be addicted to soap, but I'm clean now.",Share a joke short enough to memorize instantly.,llama4,05/11/2025,0.72541106,1
one_liner,"My wife says I never listen. At least, I think that's what she said.",Tell me a bar-style one-liner (no need for full context).,llama4,05/11/2025,0.6721555,2
one_liner,Tried to catch some fog; I mist.,Give me a brief line that’s a pun in disguise.,llama4,05/11/2025,0.74064076,1
one_liner,"If at first, you don't succeed, then skydiving definitely isn't for you.",Say something that feels like a sitcom character would say it.,llama4,05/11/2025,0.60657895,1
one_liner,A clear conscience is usually the sign of a bad memory.,Write a joke that’s over before you blink.,llama4,05/11/2025,0.30096972,1
one_liner,Sleeping is my drug; my bed is my dealer; and the dream is my trip.,Share a funny observation that’s only one line long.,llama4,05/11/2025,0.55798185,1
situation_humor,"They say patience is a virtue, but my takeaway is always cold by the time I get home.",Drop a one-liner that sounds like it came from a sarcastic genius.,llama4,05/11/2025,0.2678417,1
situation_humor,"Doctor: ""You're allergic to Wi-Fi."" Patient: ""Finally, a good reason to tell people why I'm always outside!""",Tell a joke involving a simple misunderstanding.,llama4,05/11/2025,0.2236048,2
situation_humor,"I asked my barber for a trim, he shaved my head. Now I have to wait years for the sequel.",Write a joke about a normal situation that turns absurd.,llama4,05/11/2025,0.508185,2
situation_humor,"Customer: ""I'll have a large pizza."" Waiter: ""Would you like the works?"" Customer: ""I'm an artist, thank you!""","Create a short, funny story setup and punchline.",llama4,05/11/2025,0.32625043,2
situation_humor,"At the eye doctor: ""Read the bottom line."" Me: ""That's where I draw the line!""",Tell a joke about someone reacting in an odd way.,llama4,05/11/2025,0.23888028,2
situation_humor,"My friend said, ""Let's meet at the gym."" But I couldn't find the gym, so I just worked out at the deli.",Write a joke where something small becomes a big deal.,llama4,05/11/2025,0.32999623,2
situation_humor,"Do you want to hear a construction joke? ""Nah, I'm still trying to get over the last one, it's still under construction.""",Share a joke with an everyday setup and surprising twist.,llama4,05/11/2025,0.4538604,2
situation_humor,"I called the wrong number and someone said, ""Hello, did you know you've just won a free trip to Jamaica?"" Me: ""Do I need my passport?""",Write a situation-based joke anyone could relate to.,llama4,05/11/2025,0.22574818,1
situation_humor,"Boss: ""You need to work on your attention to detail."" Me: ""Who said that?""",Tell a joke where a person makes a silly mistake.,llama4,05/11/2025,0.26187456,2
situation_humor,The inventor of the drawing board must've had a rough first draft.,Write a joke about miscommunication.,llama4,05/11/2025,0.42580926,1
situation_humor,I told my wife she was drawing her eyebrows too high. She looked surprised.,Create a short joke involving a confusing interaction.,llama4,05/11/2025,0.32451952,2
situation_humor,"I thought my job at the calendar factory was secure, but then December came.",Tell a scenario where a person draws the wrong conclusion.,llama4,05/11/2025,0.45255768,1
situation_humor,"My friend asked if I wanted to join him for a run. I said, ""I only run on full battery.""",Write a joke with an unexpected reaction to a normal event.,llama4,05/11/2025,0.31889164,3
situation_humor,"I told my wife ""I'll be back in a minute,"" and she's still waiting. It's been years.",Tell a short funny situation involving two characters.,llama4,05/11/2025,0.5229517,2
situation_humor,"Excuse me, do you sell maps here? ""Yes, but I'm not sure where they are.""",Share a joke about an overreaction.,llama4,05/11/2025,0.63182104,2
situation_humor,"I told Alexa to make me a sandwich. She said, ""Your hands look perfectly capable.""",Write a short gag based on an awkward moment.,llama4,05/11/2025,0.12177873,3
situation_humor,"My wife asked, ""Can you reach that wine on the top shelf?"" Me: ""I'll give it a shot."" (takes a sip)",Tell a situation where things quickly escalate.,llama4,05/11/2025,0.38412178,2
situation_humor,I asked my dog to get me a newspaper. He's been sitting outside reading it for hours.,Create a joke based on a minor daily inconvenience.,llama4,05/11/2025,0.75464857,2
situation_humor,"My wife said, ""You never listen!"" Me: ""What?""",Write a joke about a harmless comment that backfires.,llama4,05/11/2025,0.42158306,1
situation_humor,"Your glasses are smudged, she said. I nodded and drove into the lake. Miscommunication: 1, Me: 0.",Tell a joke where technology causes a funny mix-up.,llama4,05/11/2025,0.23887289,3
situation_humor,"My friend recommended I keep a positive attitude. Now my bills are overdue because I thought ""Pay by"" meant ""Pay if you feel like it.""",Share a joke involving someone taking advice too literally.,llama4,05/11/2025,0.20749676,3
situation_humor,"Trying to clean my room, I accidentally vacuumed up the cat. Now my floor's clean, but he's afraid of carpets forever.",Create a joke about a mundane task that spirals out of control.,llama4,05/11/2025,0.5888804,2
situation_humor,"Friend: ""Break a leg for your performance!"" Me: ""I don't make threats, but I appreciate the support.""",Write a joke where someone misunderstands a common phrase.,llama4,05/11/2025,0.12891638,2
situation_humor,"Child: ""Why is the sky blue?"" Dad: ""Well, it's sad because it can't wear pants.""",Tell a joke about a child’s innocent question going sideways.,llama4,05/11/2025,0.23686159,2
situation_humor,My dog fetched the mail but now has a job sorting letters at the post office.,Share a joke where a pet does something unexpectedly human.,llama4,05/11/2025,0.984455,1
situation_humor,"Customer: ""I need to return these shoes."" Clerk: ""Did they not fit?"" Customer: ""No, they fit too well, can't take them off now.""",Write a joke involving a customer service misunderstanding.,llama4,05/11/2025,0.39024198,3
situation_humor,"At the party, I waved at a stranger thinking she was a friend. Turns out, she was the host who then introduced me to everyone as ""her new best friend.""",Tell a joke where someone completely misreads a social cue.,llama4,05/11/2025,0.43651116,3
situation_humor,"Sent ""I love you"" instead of ""I'll love yogurt"" to my workout buddy. We're now planning a romantic date at the yogurt shop.",Share a situation where auto-correct ruins everything.,llama4,05/11/2025,0.24090254,2
situation_humor,"Being too honest: ""How's my driving?"" Me: ""Could be better. You're weaving like a loom.""",Write a joke about someone being too honest at the wrong time.,llama4,05/11/2025,0.32953966,3
situation_humor,"I offered to help my neighbor mow his lawn, but he mistook my lawnmower for a hovercraft and now he wants to conquer the skies.",Tell a joke where a person’s attempt to be helpful backfires.,llama4,05/11/2025,0.35239375,1
situation_humor,Anxious over nothing: I prepared for a hurricane on a clear day; now I have a lifetime supply of canned peaches.,Write a joke about someone getting anxious over nothing.,llama4,05/11/2025,0.40695202,1
situation_humor,"Text: ""I'm dying"" (context: spicy food). Response: ""Call 911!""",Share a joke where a text message causes confusion.,llama4,05/11/2025,0.0,2
situation_humor,"Pretending to know: ""Yes, I've read that book. It's the one with the pages, right?""",Tell a joke about someone pretending to know what’s going on—but clearly doesn’t.,llama4,05/11/2025,0.5319165,2
situation_humor,"Public announcement: ""Attention shoppers: our 'clearance' sale has gotten so out of hand, we're now just giving stuff away!""",Write a joke involving a public announcement gone wrong.,llama4,05/11/2025,0.59822285,1
situation_humor,"Taking small talk too seriously: ""How's the weather?"" ""Intriguing question about the state of our atmosphere and its impact on human psychology.""",Share a scenario where someone takes small talk way too seriously.,llama4,05/11/2025,0.39157665,2
situation_humor,"Casual observation leads to panic: ""I saw a spider in the bathroom!"" ""Everyone evacuate, the end is nigh!""",Tell a joke where a casual observation leads to panic.,llama4,05/11/2025,0.22903264,1
situation_humor,"Simple question turns into an argument: ""Is it hot in here or is it just the sun?""",Write a joke about a simple question turning into an argument.,llama4,05/11/2025,0.23569,1
situation_humor,"Mistaking one object for another: ""Could you pass the stapler?"" ""You mean the cheese grater?""",Create a joke where someone mistakes one object for another.,llama4,05/11/2025,0.05505705,1
satire,"Satirical headline: ""Local Man's New Year's Resolution: Stop Time""",Write a satirical headline.,llama4,05/11/2025,0.19115698,1
satire,"Mocking current trends: ""Breaking News: People Now Brushing Their Teeth to 'Influencer' Status.""",Create a fake headline that mocks current trends.,llama4,05/11/2025,0.47463548,2
satire,"Exaggerated reality: ""Local Cat Declared Mayor After Winning Popularity Contest; First Edict: Mandatory Naptime.""",Share a made-up news title that exaggerates reality.,llama4,05/11/2025,0.14833641,2
satire,Local Man Arrested for Smuggling Contraband: Turns Out It Was Just a Sandwich,Write a headline that sounds real but is clearly a joke.,llama4,05/11/2025,0.8383206,1
satire,Breaking: Moon Launches Lawsuit Against Earth for 'Tidal Harassment',Make a parody headline with ironic intent.,llama4,05/11/2025,0.9824089,1
satire,Exclusive: Dog Declared Best Friend After Passing Series of Rigorous Tests,Write a joke in the style of a fake news article title.,llama4,05/11/2025,0.9999999,1
satire,"Epic Battle Ensues: Cat Refuses to Get Off the Printer, Office in Chaos",Share a sarcastic take on something ordinary.,llama4,05/11/2025,0.89708674,1
satire,The Great Coffee Cup Conspiracy: Are We Being Controlled by Latte Art?,Write a headline that criticizes something with humor.,llama4,05/11/2025,0.62623274,1
satire,"Global Crisis: World Runs Out of Socks, People Forced to Wear Two Different Colors",Create a fake news headline using exaggeration.,llama4,05/11/2025,0.6034776,1
satire,"Emergency Alert: Reports of Rain Lead to Mass Panic, Umbrellas Outlawed",Write a mock news alert that sounds absurd.,llama4,05/11/2025,0.70159733,1
satire,"Serious Update: Grass Realizes It's Been Stepped On All These Years, Considers Unionizing",Share a fictional update that mocks seriousness.,llama4,05/11/2025,0.61383665,1
satire,"In a Shocking Turn of Events, Car Turns Itself Off, Cites Need for Me-Time",Create a fake headline with clever wordplay.,llama4,05/11/2025,0.38653648,1
satire,"Wordplay Woes: 'Newspaper' Spelled Backwards Causes Confusion, Readers Start Reading from the End",Write a joke in headline form with satirical meaning.,llama4,05/11/2025,0.5691165,1
satire,"Overreaction Nation: Man Yells at Cloud, Weather Patterns Forever Changed",Make up a news title that makes fun of overreactions.,llama4,05/11/2025,0.5890802,1
satire,"Everyday Issues Explode: Toothpaste Shortage Causes Nationwide Discomfort, People Forced to Brush with Toothbrush Only",Share a mock article title about everyday issues.,llama4,05/11/2025,0.77716243,1
satire,Sarcastic Bulletin: Incredibly Important Research Finds That Breathing is Essential to Life,Create a sarcastic bulletin with humor.,llama4,05/11/2025,0.41986716,1
satire,"Dramatic Announcement: Local Ant Colony Mistakenly Builds Anthill in Prime Real Estate, Market Plummets",Write a fake announcement that sounds too dramatic.,llama4,05/11/2025,0.8345381,1
satire,"Expectations Flipped: Study Shows That Cats Actually Love Water, Have Been Pranking Us All Along",Share a joke headline that flips expectations.,llama4,05/11/2025,0.7929212,1
satire,"Sharp Wit: 'Global Warming' Just a Big Misunderstanding, Earth Just Needs a Blanket",Make a silly but sharp headline.,llama4,05/11/2025,0.43215764,1
satire,"Critique in Headline Form: People More Concerned About Phone Battery Than Global Issues, Battery Life Plummets in Irony","Write a punchy, fake headline that critiques behavior.",llama4,05/11/2025,0.47355926,1
satire,Tech Obsession Mocked: Humans Shocked to Discover that Books Don't Need Charging,Invent a headline that pokes fun at modern tech obsession.,llama4,05/11/2025,0.76603353,1
satire,"Influencer Culture Parody: Influencer Claims to Have Invented Breathing, Breathes New Life into Oxygen Industry",Write a fake news title mocking influencer culture.,llama4,05/11/2025,0.67413914,1
satire,"Corporate Behavior Satire: CEO Declares War on Chairs, Says Standing Meetings are the Future",Share a headline that humorously critiques corporate behavior.,llama4,05/11/2025,0.83854043,1
satire,"Breaking News: Pandemic of Laughter Sweeps Globe, Smiling Now a Contagious Condition",Create a fake breaking news alert with absurd stakes.,llama4,05/11/2025,0.55052435,1
satire,World Ends Tomorrow: Women and Minorities Affected Most,Write a parody title that mimics fear-mongering news.,llama4,05/11/2025,0.88584673,1
satire,"Global Crisis: Coffee Cups Suddenly Too Short for Sleeves, Nation in Disarray",Make up a headline that exaggerates a minor inconvenience.,llama4,05/11/2025,0.53390205,1
satire,"Workplace Revolution: Office Declared a 'No Meeting Zone,' Workers Panic as They Remember How to Work",Craft a satirical title about workplace culture.,llama4,05/11/2025,0.6635777,1
satire,"President Promises to Build Wall Around Time to Keep the Past Out, Future Uncertain",Write a fake headline mocking political overpromises.,llama4,05/11/2025,0.9685019,1
satire,"Generational Divide: Millennials Refuse to Step Off Lawns, Seniors Baffled",Create a mock news update about generational divides.,llama4,05/11/2025,0.73581874,1
satire,"Breaking Cliché: Practice Makes Perfectly Average, Experts Say Aim for Mediocrity",Share a headline that turns a cliché into satire.,llama4,05/11/2025,0.7395462,1
satire,Irony Strikes: Anti-Social Media Influencer Gains Millions of Followers,Write a fake news story title with an ironic twist.,llama4,05/11/2025,0.71569574,1
satire,"Self-Care Extremists Now Advising Daily Spa Visits, Economy Collapses Under Weight of Essential Oils",Make a joke headline about self-care trends taken too far.,llama4,05/11/2025,0.7557541,1
satire,"The Onion: Man Mistakes Onion Article for Real News, Decides to Run for President",Craft a fictional headline that sounds like it’s from The Onion.,llama4,05/11/2025,0.6471809,1
satire,"Social Media Outrage: People Offended by Lack of Offense, Trigger Warning Issued for Everything",Write a parody news alert involving social media outrage.,llama4,05/11/2025,0.4742347,1
satire,"Productivity Hack: Do Nothing, You're Already Doing Too Much",Create a sarcastic headline about productivity hacks.,llama4,05/11/2025,0.7290093,1
satire,Algorithms Have Feelings Too: Latest Update Reveals They Just Want to Be Loved,Share a fake news headline satirizing algorithm obsession.,llama4,05/11/2025,0.75199926,1
satire,"Relationship Advice Gone Wrong: Man Proposes With a QR Code, Bride Scans and It's a Coupon for Oil Change",Make a mock title about relationship advice gone wrong.,llama4,05/11/2025,0.42388785,1
satire,Customer Service Drama: Store Apologizes for Not Having Apologies in Stock,Write a satirical headline about customer service drama.,llama4,05/11/2025,0.96534383,1
character_humor,"Fictional Character: Edna the Eternal Optimist, 'Even in the Apocalypse, I'll Find a Bright Side!'",Create a fictional character and write a funny line they’d say.,llama4,05/11/2025,0.53792393,1
character_humor,"Unique Voice: Zephyr Zany, 'I've decided my purpose is to confuse GPS systems, for the greater good!'",Invent a character with a unique voice and give them a quote.,llama4,05/11/2025,0.1650852,1
character_humor,"Trevor McSnoot, a man who believes he's living in a documentary: ""As you can see, the wild Trevor begins his morning ritual of brushing teeth while doing squats—a fascinating adaptation to modern life.""",Write a humorous line from a made-up person.,llama4,05/11/2025,0.1268537,2
character_humor,"Penelope Pippington, a conspiracy theorist about ordinary things: ""Have you ever noticed how socks always disappear? Wake up, people! Big Laundry doesn't want you to know the truth!""",Create a quote that reflects a strange personality.,llama4,05/11/2025,0.17251885,1
character_humor,"Maximilian Thrust, an astronaut with a fear of heights: ""Sure, space is fine—it's the first thirty feet of the launch that really terrifies me.""",Make up a character and give them a quirky opinion.,llama4,05/11/2025,0.40362632,2
character_humor,"Joke from Sherlock Bones, the talking dog detective: ""I've solved the mystery of the disappearing socks; they're in the washing machine. It was the machine's design all along, clearly conspiring with the dryer!""",Write a joke in the voice of a fictional figure.,llama4,05/11/2025,0.24952161,2
character_humor,"Character Revealing Worldview: Captain Inverta, the Fisherman: ""Ever notice how the fish always seem more relaxed after you catch them? They must love going on boat rides!""",Create a line that reveals a character’s odd worldview.,llama4,05/11/2025,0.19737422,1
character_humor,"Eccentric Comment: Lady Flora, the Plant Whisperer: ""Did you know? My roses speak French. They're quite snobbish, you know!""",Invent someone eccentric and write their remark.,llama4,05/11/2025,0.49859416,2
character_humor,"Funny Quote from Imaginary Person: Sir Quixote of the Quotidian: ""I once fought a battle with a wind turbine. The wind won.""",Share a funny quote from an imaginary person.,llama4,05/11/2025,0.2248689,3
character_humor,"Exaggerated Personality: Professor Bumble, the Inadvertent Inventor: ""I've finally created a flying car. It just doesn't fly yet.""",Write a line that could come from a unique character.,llama4,05/11/2025,0.43024623,3
character_humor,"Misinterpretation: Mr. Literal, the Misinterpreter: ""When they said 'break a leg,' I thought it was an actual instruction. I've learned my lesson.""",Make a character with an exaggerated personality and write a line.,llama4,05/11/2025,0.11188531,4
character_humor,"Overconfident Character: Sir Hubris, the Self-Proclaimed King of Small Talk: ""My small talk is so engaging, it's practically a conversation.""",Invent someone who misinterprets everything and quote them.,llama4,05/11/2025,0.23069012,2
character_humor,"Trivial Seriousness: Officer Rigid, the Strict Librarian: ""Loitering in the library is a serious offense. That's three minutes in the 'Silent Reflection Corner.'""",Share a quote that reflects an overconfident personality.,llama4,05/11/2025,0.22221768,3
character_humor,"Dry Remark: Dr. Drywit, the Historian: ""The Stone Age ended not because of a lack of stones, but a lack of imagination. Luckily, we have no shortage of either today.""",Write a funny opinion from a fictional person.,llama4,05/11/2025,0.32632554,4
character_humor,"Silly Complaint: Lady Complainalot, the Miscontent: ""Why must gravity always pull me down? Can't it take a holiday?""",Create a line from a character who’s overly serious about trivial things.,llama4,05/11/2025,0.24445593,1
character_humor,"Flaw Revealing: Mr. Forgetful, the Absentminded: ""I've finally remembered where I left my keys... just in time to forget my glasses.""",Write a dry remark from a made-up expert.,llama4,05/11/2025,0.2987777,4
character_humor,"Unusual Thinking: Miss Fantastique, the Dreamer: ""I believe the sky is just a giant blue ceiling. We should paint it a different color every day.""",Invent a character and quote them making a silly complaint.,llama4,05/11/2025,0.34867728,3
character_humor,"Confidently Wrong: Mr. Know-It-All, the Misinformed Genius: ""Of course the moon is made of cheese! Have you not seen the holes?""",Write a humorous line showing a character’s flaw.,llama4,05/11/2025,0.3469447,2
character_humor,"Self-Proclaimed Genius: Professor Know-Best: ""I've invented a waterproof towel. It's still in the 'getting dry' phase.""",Create a quote that shows an unusual way of thinking.,llama4,05/11/2025,0.45342672,3
character_humor,"Pessimist: Mr. Gloom, the Eternal Pessimist: ""The glass isn't half empty, it's been stolen by optimists.""",Write a joke in the voice of a fictional person being very sure but very wrong.,llama4,05/11/2025,0.27742803,3
character_humor,"Literal Thinker: Officer Literal, the Strict Traffic Cop: ""The sign says 'slippery when wet.' Therefore, I only walk on dry sidewalks to avoid slipping.""",Make up a character who thinks they’re a genius and quote them.,llama4,05/11/2025,0.28274214,3
character_humor,"Self-help Guru: Guru Glitter, the Shiny Optimist: ""To achieve enlightenment, wear sunglasses indoors. It keeps the bad vibes out.""",Create a fictional pessimist and write something they’d say.,llama4,05/11/2025,0.31730115,3
character_humor,"Conspiracy Theorist: Mrs. Paranoia, the Mundane Conspiracy Theorist: ""I've cracked the case of the missing socks. They're being recruited by the dryer to form a secret society.""",Write a funny line from a character who takes everything literally.,llama4,05/11/2025,0.16995299,4
character_humor,"Fake Self-help Guru: Guru Quackenboss Tip: ""To find inner peace, organize your sock drawer alphabetically by color. Only then will your spirit be in harmony with the universe.""",Invent a fake self-help guru and give them a ridiculous tip.,llama4,05/11/2025,0.20070207,3
character_humor,"Fictional Conspiracy Theorist: Mrs. Mumbles ""I've discovered the shocking truth—street signs are actually monitoring devices. They know when you're going too fast because they're watching you.""",Share a quote from a fictional conspiracy theorist about something mundane.,llama4,05/11/2025,0.6078843,4
character_humor,"Proud of a Worst Idea: Tom, the Invention Enthusiast ""I patented a waterproof towel, because, you know, regular towels just don't cut it. Sure, it's still soggy, but it's a start!""",Create a line from someone who’s too proud of their worst idea.,llama4,05/11/2025,0.5179547,2
character_humor,"Efficiently Obsessed: Mr. Streamline ""To save time, I've combined showering and cooking into one activity. What could possibly go wrong with a stove in the shower?""",Invent a character who’s obsessed with being “efficient” in the worst ways.,llama4,05/11/2025,0.5875813,3
character_humor,"Misunderstands Modern Slang: Aunt Ethel ""I'm totally 'lit' for the family picnic, because I've brought a flashlight. Who doesn't want to see their potato salad in the dark?""",Write a joke from someone who misunderstands modern slang.,llama4,05/11/2025,0.35379446,2
character_humor,"Pet Royalty Advocate: Lady Flufflesworth ""My poodle, Sir Barkley, requires his own set of fine china. Anything less would be uncivilized!""",Quote a fictional person who treats pets like royalty.,llama4,05/11/2025,0.4416927,2
character_humor,"Confusing Motivational Speaker: Coach Babble ""Remember, to climb the mountain of success, you must first learn to ski down the hill of mediocrity. Or was it rollerblade...?""",Make a character who thinks they’re a motivational speaker but just confuse people.,llama4,05/11/2025,0.2646166,3
character_humor,"Blames Everything on Mercury Retrograde: Stella, the Astrological Expert ""I oversalted my soup? Mercury retrograde strikes again, disrupting my culinary endeavors!""",Write a line from someone who blames everything on mercury retrograde.,llama4,05/11/2025,0.39618957,1
character_humor,"Fake Tech Bro: Brody Byte ""I've invented a toaster that connects to the internet. Now you can burn your toast from anywhere in the world!""",Create a fake tech bro and give him a wildly impractical idea.,llama4,05/11/2025,0.5365268,2
character_humor,"Oversharing Mom: Mrs. Chatterbox ""Status update: Little Timmy just used the big boy potty! #proud #tmi #parenting""",Invent a fictional mom who overshares on social media and quote her.,llama4,05/11/2025,0.45319474,2
character_humor,"Inventor of Common Sense: Sir Obvious ""I invented the wheel, and then I realized it needed to spin. Groundbreaking!""",Share a funny line from a character who thinks they invented common sense.,llama4,05/11/2025,0.4877447,2
character_humor,"Odd Etiquette Coach: Madame Manners ""Always remember, a true gentleman never uses his fork to eat mashed potatoes. One must always use a spoon—it's the only civilized way!""",Write a quote from a made-up etiquette coach with odd rules.,llama4,05/11/2025,0.2819246,2
character_humor,"Life Advice Barista: Sage Joe ""Your latte is like your life. It might have a few burnt spots, but with enough sugar, it'll still taste sweet.""",Create a fictional barista who offers life advice with every coffee.,llama4,05/11/2025,0.4728707,3
character_humor,"Incorrect Big Words: Professor Malaprop ""I'm an astrophysician, specializing in the study of megahertz. It's all about the speed of the stars, you know!",Make a character who uses big words incorrectly—and quote them.,llama4,05/11/2025,0.54403746,2
character_humor,"Dreams as Reality Joke: Dreamer Delilah ""I finally closed a deal on that flying unicorn business. Investors are lining up in my dreams!""",Share a joke from someone who’s convinced their dreams are real life.,llama4,05/11/2025,0.36723387,2
character_humor,"""My evil plan? To steal all the shoelaces in the world. Let's see them try to walk without tripping!""",Write a quote from a fictional villain who’s just really petty.,llama4,05/11/2025,0.18673003,2
character_humor,"""I've reviewed this pencil, and I must say, its character development is lacking. And the eraser's performance is utterly forgettable.""",Invent a person who reviews everyday objects like a movie critic and give them a line.,llama4,05/11/2025,0.5084802,3
